/*
SQLyog Ultimate v8.32 
MySQL - 5.5.27 : Database - shop
*********************************************************************
*/

/*!40101 SET NAMES utf8 */;

/*!40101 SET SQL_MODE=''*/;

/*!40014 SET @OLD_UNIQUE_CHECKS=@@UNIQUE_CHECKS, UNIQUE_CHECKS=0 */;
/*!40014 SET @OLD_FOREIGN_KEY_CHECKS=@@FOREIGN_KEY_CHECKS, FOREIGN_KEY_CHECKS=0 */;
/*!40101 SET @OLD_SQL_MODE=@@SQL_MODE, SQL_MODE='NO_AUTO_VALUE_ON_ZERO' */;
/*!40111 SET @OLD_SQL_NOTES=@@SQL_NOTES, SQL_NOTES=0 */;
CREATE DATABASE /*!32312 IF NOT EXISTS*/`shop` /*!40100 DEFAULT CHARACTER SET utf8 */;

USE `shop`;

/*Table structure for table `t_address` */

DROP TABLE IF EXISTS `t_address`;

CREATE TABLE `t_address` (
  `addressId` varchar(32) NOT NULL,
  `address` varchar(200) DEFAULT NULL,
  `phone` varchar(20) DEFAULT NULL,
  `consignee` varchar(100) DEFAULT NULL,
  `state` tinyint(11) DEFAULT NULL,
  `uid` varchar(32) DEFAULT NULL,
  PRIMARY KEY (`addressId`),
  KEY `FK_t_address_uid` (`uid`),
  CONSTRAINT `FK_t_address_uid` FOREIGN KEY (`uid`) REFERENCES `t_user` (`uid`) ON DELETE CASCADE ON UPDATE CASCADE
) ENGINE=InnoDB DEFAULT CHARSET=utf8;

/*Data for the table `t_address` */

insert  into `t_address`(`addressId`,`address`,`phone`,`consignee`,`state`,`uid`) values ('05FF811E69384CBBAF4B31AACFD81ECC','湖南长沙','13823347481','少时诵诗书',1,'CD4FE03417374499929EC016B1AD1A2E'),('071DA3AEB5124D60A0E65B828FDD0030','广东广州','11111',' 轻轻去去去',0,'CD4FE03417374499929EC016B1AD1A2E'),('111','广东云浮','2147483647','彬彬彬',0,'CD4FE03417374499929EC016B1AD1A2E'),('2910B306327148F4BB13935CFC261A9F','111','111','111',1,'8A551A186BBE4F0394D2C0B2AC6020C0'),('508D002C4E564E61925F2BB69C4B02D4','测试2','2222','测试2',1,'0ABB9241CF7C4FFCBACBCCFD51F3B382'),('9027E66C39844EFA802B20699DBF5A06','广东云浮','123456','彬彬彬',0,'0ABB9241CF7C4FFCBACBCCFD51F3B382'),('97E6C989BDD2460ABA5CB10CF6CB3111','广东云浮','13652528133','宝宝',0,'CD4FE03417374499929EC016B1AD1A2E'),('C305A3A90D91464782BBDDBF6D2A4728','测试','123','测试',0,'0ABB9241CF7C4FFCBACBCCFD51F3B382'),('CB4A2FCADAF34D94B46C83C3F18F2696','广东茂名','1234567','呜呜呜',0,'CD4FE03417374499929EC016B1AD1A2E');

/*Table structure for table `t_admin` */

DROP TABLE IF EXISTS `t_admin`;

CREATE TABLE `t_admin` (
  `adminId` char(32) NOT NULL,
  `adminname` varchar(50) DEFAULT NULL,
  `adminpwd` varchar(50) DEFAULT NULL,
  PRIMARY KEY (`adminId`)
) ENGINE=InnoDB DEFAULT CHARSET=utf8;

/*Data for the table `t_admin` */

insert  into `t_admin`(`adminId`,`adminname`,`adminpwd`) values ('111','彬','123');

/*Table structure for table `t_cartitem` */

DROP TABLE IF EXISTS `t_cartitem`;

CREATE TABLE `t_cartitem` (
  `cartItemId` char(32) NOT NULL,
  `quantity` int(11) DEFAULT NULL,
  `drugId` char(32) DEFAULT NULL,
  `uid` char(32) DEFAULT NULL,
  `orderBy` int(11) NOT NULL AUTO_INCREMENT,
  PRIMARY KEY (`cartItemId`),
  UNIQUE KEY `orderBy` (`orderBy`),
  KEY `FK_t_cartitem_uid` (`uid`),
  KEY `FK_t_cartitem_drugid` (`drugId`),
  CONSTRAINT `FK_t_cartitem_drugid` FOREIGN KEY (`drugId`) REFERENCES `t_drug` (`drugId`) ON DELETE CASCADE ON UPDATE CASCADE,
  CONSTRAINT `FK_t_cartitem_uid` FOREIGN KEY (`uid`) REFERENCES `t_user` (`uid`) ON DELETE CASCADE ON UPDATE CASCADE
) ENGINE=InnoDB AUTO_INCREMENT=107 DEFAULT CHARSET=utf8;

/*Data for the table `t_cartitem` */

insert  into `t_cartitem`(`cartItemId`,`quantity`,`drugId`,`uid`,`orderBy`) values ('125B748B54BB472DAC9BD34C8C87736E',1,'53ED95C537D04F5B866BA11825D9A1E3','0ABB9241CF7C4FFCBACBCCFD51F3B382',103),('6D0F5AF6DD2B4B70B2EBEB4ADBA0B290',1,'DF53C8286A884E44B7701604708E1BD4','0ABB9241CF7C4FFCBACBCCFD51F3B382',102),('B6C0B5CED4C44777A196AEC39456597B',1,'875405445D414139BD4F4C0DD1672663','0ABB9241CF7C4FFCBACBCCFD51F3B382',99),('D372F8F5A02C4C93953DBD253CFC0F05',1,'E607D99AE3E247A2A218B4A2FEEB888F','0ABB9241CF7C4FFCBACBCCFD51F3B382',101),('D9846B61B0474F658AC9BCBEA948C7ED',1,'6C29E7CD6A2F4050BDF58A222B6EDB1F','0ABB9241CF7C4FFCBACBCCFD51F3B382',100);

/*Table structure for table `t_category` */

DROP TABLE IF EXISTS `t_category`;

CREATE TABLE `t_category` (
  `cid` varchar(32) NOT NULL,
  `cname` varchar(50) DEFAULT NULL,
  `pid` char(32) DEFAULT NULL,
  `categoryDesc` varchar(100) DEFAULT NULL,
  `orderBy` int(11) NOT NULL AUTO_INCREMENT,
  PRIMARY KEY (`cid`),
  UNIQUE KEY `cname` (`cname`),
  KEY `FK_t_category_t_category` (`pid`),
  KEY `orderBy` (`orderBy`),
  CONSTRAINT `FK_t_category` FOREIGN KEY (`pid`) REFERENCES `t_category` (`cid`)
) ENGINE=InnoDB AUTO_INCREMENT=74 DEFAULT CHARSET=utf8;

/*Data for the table `t_category` */

insert  into `t_category`(`cid`,`cname`,`pid`,`categoryDesc`,`orderBy`) values ('0E4E2D30448D40D58EFBEB0DB02F359F','222','60494A1252584CFD8F31DF813CD97241','222',73),('1','中药西药',NULL,'中药西药',50),('11','瘦身减肥','1','瘦身减肥',54),('12','皮肤癣症','1','皮肤癣症\r\n                ',55),('2','人群健康',NULL,'人群健康',51),('21','肠胃不适','2','肠胃不适',56),('22','美颜瘦身','2','美颜瘦身',57),('23','补钙','2','补钙',58),('3','滋补调养',NULL,'滋补调养',52),('31','保健食品','3','保健食品',59),('4','居家生活',NULL,'居家生活',53),('41','家庭保健','4',NULL,60),('42','环境清洁','4','环境清洁',61),('4C4E48BC4C394372A5608A420C4F7FBE','测试1','4E39B978E76D41C28A1FE97CB06BBF69','测试1',66),('4E39B978E76D41C28A1FE97CB06BBF69','测试',NULL,'测试',64),('60494A1252584CFD8F31DF813CD97241','111',NULL,'111',72);

/*Table structure for table `t_comment` */

DROP TABLE IF EXISTS `t_comment`;

CREATE TABLE `t_comment` (
  `commentId` varchar(32) NOT NULL,
  `content` varchar(10000) DEFAULT NULL,
  `commentTime` varchar(32) DEFAULT NULL,
  `uid` varchar(32) DEFAULT NULL,
  `drugId` varchar(32) DEFAULT NULL,
  `orderItemId` varchar(32) DEFAULT NULL,
  `state` tinyint(11) DEFAULT NULL,
  `reply` varchar(10000) DEFAULT NULL,
  `replyTime` varchar(32) DEFAULT NULL,
  PRIMARY KEY (`commentId`),
  KEY `FK_t_comment` (`orderItemId`),
  KEY `FK_t_comment_drugId` (`drugId`),
  KEY `FK_t_comment_uid` (`uid`),
  CONSTRAINT `FK_t_comment_uid` FOREIGN KEY (`uid`) REFERENCES `t_user` (`uid`) ON DELETE CASCADE ON UPDATE CASCADE,
  CONSTRAINT `FK_t_comment` FOREIGN KEY (`orderItemId`) REFERENCES `t_orderitem` (`orderItemId`) ON DELETE CASCADE ON UPDATE CASCADE,
  CONSTRAINT `FK_t_comment_drugId` FOREIGN KEY (`drugId`) REFERENCES `t_drug` (`drugId`) ON DELETE CASCADE ON UPDATE CASCADE
) ENGINE=InnoDB DEFAULT CHARSET=utf8;

/*Data for the table `t_comment` */

insert  into `t_comment`(`commentId`,`content`,`commentTime`,`uid`,`drugId`,`orderItemId`,`state`,`reply`,`replyTime`) values ('11D99485C10F439297233027430C8775','东西己经收到，快递很给力，2天就到了，不错。包装的很严实，都给了外纸盒包装，宝贝完好无损。东西看起来还不错，希望是正品，用后再来追评！','2021-06-16 11:56:13','0ABB9241CF7C4FFCBACBCCFD51F3B382','DF53C8286A884E44B7701604708E1BD4','43DFC256374A48CA80199EDB8E586C5C',1,'谢谢亲的支持！！！！！！','2021-06-16 14:07:18'),('803E8E5CE41140E3AE6C68802988ABF1','东西己经收到，快递很给力，2天就到了，不错。包装的很严实，都给了外纸盒包装，宝贝完好无损。东西看起来还不错，希望是正品，用后再来追评！','2021-06-18 17:14:29','0ABB9241CF7C4FFCBACBCCFD51F3B382','DF53C8286A884E44B7701604708E1BD4','F28F216CFEA24A7E9C0685D15C8FB11F',1,'111111111111111111111','2021-06-19 16:43:34'),('9D48F854D48F46B0A9EA4622B236C0BA','非常好呀啊啊啊啊啊啊啊啊啊啊啊啊啊啊啊啊啊啊啊啊啊啊啊啊啊啊啊啊啊啊啊啊啊啊啊啊啊','2021-06-14 21:17:32','0ABB9241CF7C4FFCBACBCCFD51F3B382','1F14014A6FF7420E9531D32BA4D3CB34','41930035E81C42069EFC15EE1B5FCB01',1,'谢谢亲的评价呢！！！！！！','2021-06-14 22:56:16'),('A41A86666F674592A62A29F4ED62B4D4','五星好评','2021-06-20 16:48:20','8A551A186BBE4F0394D2C0B2AC6020C0','36F4BF0495C543A0B4C857B4703A324C','6BB52A0B15ED482F95CE902A00B1231F',1,'谢谢','2021-06-20 16:48:33');

/*Table structure for table `t_drug` */

DROP TABLE IF EXISTS `t_drug`;

CREATE TABLE `t_drug` (
  `drugId` varchar(32) NOT NULL,
  `drugName` varchar(200) DEFAULT NULL,
  `sign` varchar(200) DEFAULT NULL,
  `drugDesc` varchar(10000) DEFAULT NULL,
  `cost` decimal(8,2) DEFAULT NULL,
  `price` decimal(8,2) DEFAULT NULL,
  `sales` int(10) DEFAULT NULL,
  `inventories` int(10) DEFAULT NULL,
  `evaluate` int(10) DEFAULT NULL,
  `shipAddress` varchar(200) DEFAULT NULL,
  `state` tinyint(1) DEFAULT NULL,
  `cid` varchar(32) DEFAULT NULL,
  `image_b` varchar(100) DEFAULT NULL,
  `orderBy` int(11) NOT NULL AUTO_INCREMENT,
  PRIMARY KEY (`drugId`),
  UNIQUE KEY `orderBy` (`orderBy`),
  KEY `FK_t_drug_cid` (`cid`),
  CONSTRAINT `FK_t_drug_cid` FOREIGN KEY (`cid`) REFERENCES `t_category` (`cid`)
) ENGINE=InnoDB AUTO_INCREMENT=35 DEFAULT CHARSET=utf8;

/*Data for the table `t_drug` */

insert  into `t_drug`(`drugId`,`drugName`,`sign`,`drugDesc`,`cost`,`price`,`sales`,`inventories`,`evaluate`,`shipAddress`,`state`,`cid`,`image_b`,`orderBy`) values ('039F99A856704863B1850C3F6BEA8D0A','复方石韦胶囊','不知道','         清热燥湿，利尿通淋。用于小便不利，尿频，尿急，尿痛，下肢浮肿等症；也可用于急慢性肾小球肾炎，肾盂肾炎，膀胱炎，尿道炎，见有上述证状者       \r\n                ','11.00','33.00',14,10,0,'上海浦东',1,'12','drug_images/0DF798BB555847DF98DBBD585815FB4D_2007_b.jpeg',11),('1114495953C844EBB690AEE58FFE7F91','益安宁凡','不知道','补气活血，益肝健肾，养心安神。治疗气血虚弱，肝肾不足所致的胸闷气短，畏寒肢冷，手足麻木，对失眠健忘、神疲乏力、腰膝酸软也有一定疗效','33.00','55.99',0,100,0,'广东广州',1,'4C4E48BC4C394372A5608A420C4F7FBE','drug_images/949CFD54EA1F4BDB91050A12E26B6F8C_hot_sale_info5.png',31),('1B1B5B3549D3464BB77C2597237A34ED','定坤丹','测试','滋补气血，调经舒郁。用于气血两虚、气滞血瘀所致的月经不调、行经腹痛','23.00','45.00',0,200,0,'哈尔滨',1,'31','drug_images/B41A63DB8AE14715B4AA0D3FCA79AD46_0004.jpg',27),('1F14014A6FF7420E9531D32BA4D3CB34','头孢氨苄甲氧苄啶胶囊','不知道','              适应症为用于耐青霉素的葡萄球菌、链球菌、肺炎球菌、大肠杆菌等的感染。  \r\n                \r\n                ','33.00','88.88',5,48,1,'江西吉安',1,'12','drug_images/1CBC7AD5401C4F7E8F9AC854DB425C83_2006_b.jpeg',10),('36F4BF0495C543A0B4C857B4703A324C','小柴胡颗粒','白云山','                中成药名。为和解剂，具有解表散热，疏肝和胃之功效。主治外感病，邪犯少阳证，症见寒热往来、胸胁苦满、食欲不振、心烦喜呕、口苦咽干\r\n                ','9.00','20.00',23,2974,1,'广东广州',1,'12','drug_images/71F11644D7A745B1B0571767F549E102_2009_b.jpeg',13),('3E4A621443DD42F48D0994AE6212B627','苦参碱栓','不知道','适应症为抗菌消炎药。用于滴虫或念珠菌性阴道炎、慢性宫颈炎、亦可用于老年性阴道炎、盆腔炎等','22.00','33.00',0,10,0,'广东东莞',1,'12','drug_images/37175A5706834566B508AADA9E19E160_0008.jpg',28),('44DFA9B5EBC54015A8BD57522A42273A','舒筋活络丸','天通宁','驱风祛湿，舒筋活络。用于一般骨节风痛，腰膝酸痛','30.00','60.00',0,100,0,'广东云浮',1,'41','drug_images/8BE6EC22BC0640BFBA987A60A9BD809F_0012.jpg',29),('53ED95C537D04F5B866BA11825D9A1E3','丹参保心茶','天草','丹参保心茶     \r\n                ','30.00','99.99',3,100,0,'湖南长沙',1,'12','drug_images/E567BD4A43924205A7C62F1157280BB1_2005_b.jpeg',9),('689B7C7EA0C84029A10CDF72247BCA3A','111','111','111','11.00','11.00',0,11,0,'111',1,'0E4E2D30448D40D58EFBEB0DB02F359F','drug_images/43929050B72248C4B91E585B450D0D6B_0003.jpg',34),('6C29E7CD6A2F4050BDF58A222B6EDB1F','复方黄松洗液','同仁堂','                复方黄松洗液为外用药，清热燥湿，祛风止痒。用于湿热下注所致的阴部瘙痒\r\n                \r\n                \r\n                ','12.00','23.99',6,296,0,'江西吉安',1,'12','drug_images/CD5BD58C092A4D2A9BF0DA936EABA2ED_2001_b.jpg',2),('78D99D3CF99E443791953640E5E0DB5C','小儿热速清颗粒','圣泰','            清热，解毒，利咽。本品用于风热感冒，发热头痛，咽喉红肿，鼻塞流黄涕，咳嗽，便秘。    \r\n                ','9.00','19.50',6,2000,0,'广东广州',1,'12','drug_images/78BFAD08117A4ECBBAD3E1FBEB65526E_2008_b.jpeg',12),('875405445D414139BD4F4C0DD1672663','银黄颗粒','同仁堂','中成药名。为清热剂，具有清热解毒，消炎之功效。主治上呼吸道感染，如急性扁桃体炎、咽炎。 \r\n                ','12.00','20.99',2,500,0,'广东深圳',1,'12','drug_images/9BB1A0A34C8E4DB397B102446D564D4B_2003_b.jpeg',1),('B88ED3B86BD347198385A4423C16DE44','逍遥丸','测试','疏肝健脾，养血调经。用于肝郁脾虚所致的郁闷不舒、胸胁胀痛、头晕目眩、食欲减退、月经不调','23.00','32.00',0,111,0,'北京市',1,'4C4E48BC4C394372A5608A420C4F7FBE','drug_images/8CBE66DB26C4448DA5D6EDFF7890AA72_0002.jpg',25),('C317D63443C041859E4B6B61C2A24422','坤宝丸','同仁堂','滋补肝肾，镇静安神，养血通络。用于妇女绝经前后，肝肾阴虚引起的月经紊乱，潮热多汗，失眠健忘，心烦易怒，头晕耳鸣，咽干口渴，四肢酸楚，关节疼痛','10.00','20.00',0,300,0,'北京市',1,'4C4E48BC4C394372A5608A420C4F7FBE','drug_images/5DD0C1637CB04EFC947F1939319DF015_0003.jpg',26),('C4B0D0F03C274592B5E95AFDB59DE96E','同仁乌鸡白凤丸','同仁堂','补气养血，调经止带。用于气血两亏引起：月经不调，行经腹痛，少腹冷痛，体弱乏力，腰酸腿软','12.00','23.00',0,100,0,'广东深圳',1,'11','drug_images/ACA37D2CA4094966824124553AA04F24_0000.jpg',23),('DA9347E9C88640EDABC2D5D412E48E9F','复合氨酚烷胺胶囊','快克','适应症为用于缓解普通感冒及流行性感冒引起的发热、头痛、鼻塞、咽痛等症状，也可用于流行性感冒的预防和治疗','10.00','18.88',0,100,0,'广东深圳',1,'41','drug_images/0300111FFD064E3FA057BA6B80EE60CC_0013.jpg',30),('DF53C8286A884E44B7701604708E1BD4','黄连上清片','同仁堂','                中成药名。为清热剂，具有清热通便，散风止痛之功效。主治上焦内热，症见头晕脑胀，牙龈肿痛，口舌生疮，咽喉红肿，耳痛耳鸣，暴发火眼，大便干燥，小便黄赤','40.00','99.99',2,999,2,'湖南长沙',1,'12','drug_images/96D1CB6E936944668B7D3C9936D63E2D_2004_b.jpeg',4),('E607D99AE3E247A2A218B4A2FEEB888F','牛黄解毒丸','同仁堂','                中成药名。为清热剂，具有清热解毒之功效。用于火热内盛，咽喉肿痛，牙龈肿痛，口舌生疮，目赤肿痛','10.00','59.99',0,200,0,'上海市',1,'12','drug_images/1E392307D16F49E9BEF8D51F5D234B7E_2002_b.jpg',3),('F21BF89A5F7E49C19FB3797D1E141AE1','感冒清热颗粒','不知道','中成药名。为解表剂，具有疏风散寒，解表清热之功效。主治风寒感冒，症见头痛发热，恶寒身痛，鼻流清涕，咳嗽咽干','10.00','19.98',0,500,0,'广东广州',1,'4C4E48BC4C394372A5608A420C4F7FBE','drug_images/2C52062F432E4362862054D4820A77D6_0016.jpg',32),('F9B2C951DA24415683BDF934AF4D24F2','坤灵丸','不知道','调经养血，逐瘀生新。用于月经不调，或多或少，行经腹痛，子宫寒冷，久不受孕，习惯性流产，赤白带下，崩漏不止，病久气虚，肾亏腰痛','23.00','34.00',0,50,0,'上海市',1,'4C4E48BC4C394372A5608A420C4F7FBE','drug_images/4FAFE37647E04E51B1E0BE249C3C703E_0001.jpg',24);

/*Table structure for table `t_order` */

DROP TABLE IF EXISTS `t_order`;

CREATE TABLE `t_order` (
  `oid` char(32) NOT NULL,
  `ordertime` char(32) DEFAULT NULL,
  `orderItemtotal` int(11) DEFAULT NULL,
  `total` decimal(10,2) DEFAULT NULL,
  `consignee` varchar(100) DEFAULT NULL,
  `phone` varchar(20) DEFAULT NULL,
  `address` varchar(1000) DEFAULT NULL,
  PRIMARY KEY (`oid`)
) ENGINE=InnoDB DEFAULT CHARSET=utf8;

/*Data for the table `t_order` */

insert  into `t_order`(`oid`,`ordertime`,`orderItemtotal`,`total`,`consignee`,`phone`,`address`) values ('0CE3F23F43F946799945CDDFA71613E9','2021-06-17 13:20:14',1,'71.97','111','111','111'),('1B4A1894C88E47759CC45EC3A7814AF6','2021-06-07 16:44:39',2,'188.87','彬彬彬','2147483647','广东云浮'),('282BAD14776944F4A868027E787B69B6','2021-06-12 16:08:52',1,'20.99','彬彬彬','123456','广东云浮'),('2ECBAF5973B047C7A576FA7314BA557C','2021-06-20 16:47:13',1,'60.00','111','111','111'),('3156047F1DBB4A3FB2B7CA5DAECCB33B','2021-06-12 15:54:54',2,'109.87','彬彬彬','123456','广东云浮'),('43422D32FB204BF0970150678E6469BF','2021-06-07 17:29:28',2,'159.98','111','111','111'),('4429378A870C4E15A82A0F11AD57D51C','2021-06-12 17:05:49',1,'23.99','彬彬彬','123456','广东云浮'),('54289307ACFA4B75AAA16335EE9E8080','2021-06-20 16:41:15',1,'60.00','111','111','111'),('5A6A9B70941042E5BDF44F2968691CB9','2021-06-17 11:14:12',2,'34.99','111','111','111'),('5AEBC2979B6448D78ED460764EA8CE04','2021-06-16 17:18:54',1,'179.97','测试2','312','测试2'),('5BFBE5F75DAC40B3A2516A4D75122D3C','2021-06-12 15:53:44',2,'119.49','彬彬彬','123456','广东云浮'),('5EF70D0488264A97844DFE4B1E91A568','2021-06-16 17:40:04',1,'58.50','测试2','2222','测试2'),('678E00A6F4424AAE90A34F5E87FA0931','2021-06-07 16:30:07',1,'99.99','宝宝','13652528133','广东云浮'),('68EBCE7AFE234E8E9CF8617BE3B7F207','2021-06-17 11:31:30',2,'112.87','111','111','111'),('6F774F27C7C7407BBE04643ACF301612','2021-06-14 20:41:01',1,'23.99','彬彬彬','123456','广东云浮'),('7242EEDD0904435BA6C089A69342B889','2021-06-07 16:27:11',1,'88.88','呜呜呜','1234567','广东茂名'),('8AFEA259E45E44ADBB7C03E54D968FF7','2021-06-16 13:58:00',1,'60.00','呜呜呜','1234567','广东茂名'),('8DCE7D2ACC444A07BCB44A631C32BBCA','2021-06-06 11:01:34',2,'68.97','宝宝','13652528133','广东云浮'),('951302CD73104CD1B2CBBC7CEA1660A4','2021-06-20 16:30:23',1,'58.50','1111','111','111'),('963CED1734344B26A1B070876FB3348F','2021-06-16 13:58:41',2,'288.86','呜呜呜','1234567','广东茂名'),('96E695A7849B45EBAF67856CC0C1EFBB','2021-06-18 17:14:02',1,'99.99','彬彬彬','123456','广东云浮'),('A211EF8D74CF42C988B5C29100DB8162','2021-06-07 16:43:43',2,'52.50','彬彬彬','2147483647','广东云浮'),('A45D8BA9AE4646409A505A04DF31171B','2021-06-12 15:51:42',2,'123.98','彬彬彬','123456','广东云浮'),('CD2D398BDF564DBF82406E262B760B37','2021-06-18 12:51:35',1,'400.00','彬彬彬','123456','广东云浮'),('DACE4D95B76F4599AFA5F58A4F81D9CE','2021-06-06 11:12:42',3,'152.49','彬彬彬','2147483647','广东云浮'),('DBE4A6F3003044CE9B40448F50EB34A0','2021-06-13 21:01:47',1,'330.00','彬彬彬','123456','广东云浮'),('E9B04939C9ED4F07BDAC4284AA14F359','2021-06-16 16:16:29',1,'179.97',NULL,NULL,NULL),('FA578F5EA311461282DBD4FE289E2890','2021-06-12 15:57:46',2,'188.87','彬彬彬','123456','广东云浮'),('FA6F89804FA14FF385B8C9078A4EDE94','2021-06-16 16:14:15',1,'299.95',NULL,NULL,NULL),('FB427B06AB0C4480AFC57F47E581A00C','2021-06-07 17:16:54',2,'44.98','111','111','111');

/*Table structure for table `t_orderitem` */

DROP TABLE IF EXISTS `t_orderitem`;

CREATE TABLE `t_orderitem` (
  `orderItemId` char(32) NOT NULL,
  `quantity` int(11) DEFAULT NULL,
  `subtotal` decimal(8,2) DEFAULT NULL,
  `status` tinyint(11) DEFAULT NULL,
  `ordertime` char(32) DEFAULT NULL,
  `drugId` char(32) DEFAULT NULL,
  `drugName` varchar(200) DEFAULT NULL,
  `price` decimal(8,2) DEFAULT NULL,
  `image_b` varchar(100) DEFAULT NULL,
  `oid` char(32) DEFAULT NULL,
  `uid` char(32) DEFAULT NULL,
  PRIMARY KEY (`orderItemId`),
  KEY `FK_t_orderitem_t_order` (`oid`),
  KEY `FK_t_orderitem_drugid` (`drugId`),
  KEY `FK_t_orderitem_uid` (`uid`),
  CONSTRAINT `FK_t_orderitem_uid` FOREIGN KEY (`uid`) REFERENCES `t_user` (`uid`) ON DELETE CASCADE ON UPDATE CASCADE,
  CONSTRAINT `FK_t_orderitem_drugid` FOREIGN KEY (`drugId`) REFERENCES `t_drug` (`drugId`) ON DELETE CASCADE ON UPDATE CASCADE,
  CONSTRAINT `FK_t_orderitem_t_order` FOREIGN KEY (`oid`) REFERENCES `t_order` (`oid`) ON DELETE CASCADE ON UPDATE CASCADE
) ENGINE=InnoDB DEFAULT CHARSET=utf8;

/*Data for the table `t_orderitem` */

insert  into `t_orderitem`(`orderItemId`,`quantity`,`subtotal`,`status`,`ordertime`,`drugId`,`drugName`,`price`,`image_b`,`oid`,`uid`) values ('03C061002DA347299122255B8F67B6DA',1,'88.88',4,'2021-06-07 16:44:39','1F14014A6FF7420E9531D32BA4D3CB34','头孢氨苄甲氧苄啶胶囊','88.88','drug_images/1CBC7AD5401C4F7E8F9AC854DB425C83_2006_b.jpeg','1B4A1894C88E47759CC45EC3A7814AF6','CD4FE03417374499929EC016B1AD1A2E'),('10CED52CE5D34C108613547002D47A3D',1,'23.99',5,'2021-06-12 15:51:42','6C29E7CD6A2F4050BDF58A222B6EDB1F','复方黄松洗液','23.99','drug_images/CD5BD58C092A4D2A9BF0DA936EABA2ED_2001_b.jpg','A45D8BA9AE4646409A505A04DF31171B','0ABB9241CF7C4FFCBACBCCFD51F3B382'),('15160DBE367D4E6E906B89E54B92FDE0',3,'58.50',2,'2021-06-16 17:40:04','78D99D3CF99E443791953640E5E0DB5C','小儿热速清颗粒','19.50','drug_images/78BFAD08117A4ECBBAD3E1FBEB65526E_2008_b.jpeg','5EF70D0488264A97844DFE4B1E91A568','0ABB9241CF7C4FFCBACBCCFD51F3B382'),('1A121BBA4414431389425E49D31ED054',1,'33.00',5,'2021-06-06 11:12:42','039F99A856704863B1850C3F6BEA8D0A','复方石韦胶囊','33.00','drug_images/0DF798BB555847DF98DBBD585815FB4D_2007_b.jpeg','DACE4D95B76F4599AFA5F58A4F81D9CE','CD4FE03417374499929EC016B1AD1A2E'),('20AEE6EC5559470D88E4B2A32324106D',10,'330.00',5,'2021-06-13 21:01:47','039F99A856704863B1850C3F6BEA8D0A','复方石韦胶囊','33.00','drug_images/0DF798BB555847DF98DBBD585815FB4D_2007_b.jpeg','DBE4A6F3003044CE9B40448F50EB34A0','0ABB9241CF7C4FFCBACBCCFD51F3B382'),('2EBADAE6D0264034A54CA1D5AF9FC380',1,'88.88',5,'2021-06-12 15:54:54','1F14014A6FF7420E9531D32BA4D3CB34','头孢氨苄甲氧苄啶胶囊','88.88','drug_images/1CBC7AD5401C4F7E8F9AC854DB425C83_2006_b.jpeg','3156047F1DBB4A3FB2B7CA5DAECCB33B','0ABB9241CF7C4FFCBACBCCFD51F3B382'),('41930035E81C42069EFC15EE1B5FCB01',1,'88.88',5,'2021-06-12 15:57:46','1F14014A6FF7420E9531D32BA4D3CB34','头孢氨苄甲氧苄啶胶囊','88.88','drug_images/1CBC7AD5401C4F7E8F9AC854DB425C83_2006_b.jpeg','FA578F5EA311461282DBD4FE289E2890','0ABB9241CF7C4FFCBACBCCFD51F3B382'),('43DFC256374A48CA80199EDB8E586C5C',1,'99.99',5,'2021-06-12 15:51:42','DF53C8286A884E44B7701604708E1BD4','黄连上清片','99.99','drug_images/96D1CB6E936944668B7D3C9936D63E2D_2004_b.jpeg','A45D8BA9AE4646409A505A04DF31171B','0ABB9241CF7C4FFCBACBCCFD51F3B382'),('44EB4404F5764C5098FAFA1F7EFF6108',2,'199.98',2,'2021-06-16 13:58:41','53ED95C537D04F5B866BA11825D9A1E3','丹参保心茶','99.99','drug_images/47CB8E7ADD244EE8BEDFEA8984C8D4EA_2005_b.jpeg','963CED1734344B26A1B070876FB3348F','CD4FE03417374499929EC016B1AD1A2E'),('657B3D11EA5F48CD9CACFA6D200FD32C',20,'400.00',4,'2021-06-18 12:51:35','36F4BF0495C543A0B4C857B4703A324C','小柴胡颗粒','20.00','drug_images/71F11644D7A745B1B0571767F549E102_2009_b.jpeg','CD2D398BDF564DBF82406E262B760B37','0ABB9241CF7C4FFCBACBCCFD51F3B382'),('6B42DC84C2FE4D2F94F70B47467F16C7',3,'179.97',1,'2021-06-16 17:18:54','E607D99AE3E247A2A218B4A2FEEB888F','牛黄解毒丸','59.99','drug_images/1E392307D16F49E9BEF8D51F5D234B7E_2002_b.jpg','5AEBC2979B6448D78ED460764EA8CE04','0ABB9241CF7C4FFCBACBCCFD51F3B382'),('6BB52A0B15ED482F95CE902A00B1231F',3,'60.00',5,'2021-06-20 16:47:13','36F4BF0495C543A0B4C857B4703A324C','小柴胡颗粒','20.00','drug_images/71F11644D7A745B1B0571767F549E102_2009_b.jpeg','2ECBAF5973B047C7A576FA7314BA557C','8A551A186BBE4F0394D2C0B2AC6020C0'),('79DBF6CDD5074A4EA5F3E9FCD60CDDEB',1,'23.99',5,'2021-06-14 20:41:01','6C29E7CD6A2F4050BDF58A222B6EDB1F','复方黄松洗液','23.99','drug_images/CD5BD58C092A4D2A9BF0DA936EABA2ED_2001_b.jpg','6F774F27C7C7407BBE04643ACF301612','0ABB9241CF7C4FFCBACBCCFD51F3B382'),('7B495DBF67DC450BA6B372094105243F',1,'20.99',5,'2021-06-12 15:54:54','875405445D414139BD4F4C0DD1672663','银黄颗粒','20.99','drug_images/9BB1A0A34C8E4DB397B102446D564D4B_2003_b.jpeg','3156047F1DBB4A3FB2B7CA5DAECCB33B','0ABB9241CF7C4FFCBACBCCFD51F3B382'),('803D0DDC84834A8DADA84621DDCE13EC',1,'88.88',2,'2021-06-16 13:58:41','1F14014A6FF7420E9531D32BA4D3CB34','头孢氨苄甲氧苄啶胶囊','88.88','drug_images/1CBC7AD5401C4F7E8F9AC854DB425C83_2006_b.jpeg','963CED1734344B26A1B070876FB3348F','CD4FE03417374499929EC016B1AD1A2E'),('80DB068EC95043BE9C0615E246EBFF17',1,'99.99',5,'2021-06-12 15:53:44','53ED95C537D04F5B866BA11825D9A1E3','丹参保心茶','99.99','drug_images/47CB8E7ADD244EE8BEDFEA8984C8D4EA_2005_b.jpeg','5BFBE5F75DAC40B3A2516A4D75122D3C','0ABB9241CF7C4FFCBACBCCFD51F3B382'),('8F6D136DA81B437F9B8F0CBDDE96632F',1,'99.99',5,'2021-06-06 11:12:42','53ED95C537D04F5B866BA11825D9A1E3','丹参保心茶','99.99','drug_images/47CB8E7ADD244EE8BEDFEA8984C8D4EA_2005_b.jpeg','DACE4D95B76F4599AFA5F58A4F81D9CE','CD4FE03417374499929EC016B1AD1A2E'),('994F4CB833DA4094BDD78A220FF2EB37',1,'88.88',2,'2021-06-07 16:27:11','1F14014A6FF7420E9531D32BA4D3CB34','头孢氨苄甲氧苄啶胶囊','88.88','drug_images/1CBC7AD5401C4F7E8F9AC854DB425C83_2006_b.jpeg','7242EEDD0904435BA6C089A69342B889','CD4FE03417374499929EC016B1AD1A2E'),('AEB841321FC0434C987F883EFB6EE5EB',1,'20.99',5,'2021-06-12 16:08:52','875405445D414139BD4F4C0DD1672663','银黄颗粒','20.99','drug_images/9BB1A0A34C8E4DB397B102446D564D4B_2003_b.jpeg','282BAD14776944F4A868027E787B69B6','0ABB9241CF7C4FFCBACBCCFD51F3B382'),('AF3181A096544C8A84FC06103710C586',1,'19.50',5,'2021-06-12 15:53:44','78D99D3CF99E443791953640E5E0DB5C','小儿热速清颗粒','19.50','drug_images/78BFAD08117A4ECBBAD3E1FBEB65526E_2008_b.jpeg','5BFBE5F75DAC40B3A2516A4D75122D3C','0ABB9241CF7C4FFCBACBCCFD51F3B382'),('B3839CE2C8F54F379E191DAD9A7467F5',1,'19.50',4,'2021-06-06 11:12:42','78D99D3CF99E443791953640E5E0DB5C','小儿热速清颗粒','19.50','drug_images/78BFAD08117A4ECBBAD3E1FBEB65526E_2008_b.jpeg','DACE4D95B76F4599AFA5F58A4F81D9CE','CD4FE03417374499929EC016B1AD1A2E'),('C7CC921EEE63480988BC38F7EAEDC05C',1,'23.99',1,'2021-06-12 17:05:49','6C29E7CD6A2F4050BDF58A222B6EDB1F','复方黄松洗液','23.99','drug_images/CD5BD58C092A4D2A9BF0DA936EABA2ED_2001_b.jpg','4429378A870C4E15A82A0F11AD57D51C','0ABB9241CF7C4FFCBACBCCFD51F3B382'),('DF4D7B3DA5AC4754B94D484AAE77F5FC',1,'99.99',5,'2021-06-12 15:57:46','53ED95C537D04F5B866BA11825D9A1E3','丹参保心茶','99.99','drug_images/47CB8E7ADD244EE8BEDFEA8984C8D4EA_2005_b.jpeg','FA578F5EA311461282DBD4FE289E2890','0ABB9241CF7C4FFCBACBCCFD51F3B382'),('ED9ABF5A916C476E9F0CA9883EAB2603',3,'60.00',2,'2021-06-16 13:58:00','36F4BF0495C543A0B4C857B4703A324C','小柴胡颗粒','20.00','drug_images/71F11644D7A745B1B0571767F549E102_2009_b.jpeg','8AFEA259E45E44ADBB7C03E54D968FF7','CD4FE03417374499929EC016B1AD1A2E'),('EEE4A213F61442EF9CA98E841C431031',1,'19.50',4,'2021-06-07 16:43:43','78D99D3CF99E443791953640E5E0DB5C','小儿热速清颗粒','19.50','drug_images/78BFAD08117A4ECBBAD3E1FBEB65526E_2008_b.jpeg','A211EF8D74CF42C988B5C29100DB8162','CD4FE03417374499929EC016B1AD1A2E'),('F26AF7159B0F4E3680627667202F8A29',1,'99.99',2,'2021-06-07 16:30:07','53ED95C537D04F5B866BA11825D9A1E3','丹参保心茶','99.99','drug_images/47CB8E7ADD244EE8BEDFEA8984C8D4EA_2005_b.jpeg','678E00A6F4424AAE90A34F5E87FA0931','CD4FE03417374499929EC016B1AD1A2E'),('F28F216CFEA24A7E9C0685D15C8FB11F',1,'99.99',5,'2021-06-18 17:14:02','DF53C8286A884E44B7701604708E1BD4','黄连上清片','99.99','drug_images/96D1CB6E936944668B7D3C9936D63E2D_2004_b.jpeg','96E695A7849B45EBAF67856CC0C1EFBB','0ABB9241CF7C4FFCBACBCCFD51F3B382'),('FD6F0412C96741179C64E11436AFFB6E',1,'33.00',4,'2021-06-07 16:43:43','039F99A856704863B1850C3F6BEA8D0A','复方石韦胶囊','33.00','drug_images/0DF798BB555847DF98DBBD585815FB4D_2007_b.jpeg','A211EF8D74CF42C988B5C29100DB8162','CD4FE03417374499929EC016B1AD1A2E');

/*Table structure for table `t_purse` */

DROP TABLE IF EXISTS `t_purse`;

CREATE TABLE `t_purse` (
  `purseId` varchar(32) NOT NULL,
  `uid` varchar(32) DEFAULT NULL,
  `rechange` decimal(11,2) DEFAULT NULL,
  `state` tinyint(1) DEFAULT NULL,
  `orderBy` int(11) NOT NULL AUTO_INCREMENT,
  PRIMARY KEY (`purseId`),
  UNIQUE KEY `orderBy` (`orderBy`),
  KEY `FK_t_purse-uid` (`uid`),
  CONSTRAINT `FK_t_purse-uid` FOREIGN KEY (`uid`) REFERENCES `t_user` (`uid`) ON DELETE CASCADE ON UPDATE CASCADE
) ENGINE=InnoDB AUTO_INCREMENT=42 DEFAULT CHARSET=utf8;

/*Data for the table `t_purse` */

insert  into `t_purse`(`purseId`,`uid`,`rechange`,`state`,`orderBy`) values ('0219941E2A3B4B78B4EA6248817989EA','0ABB9241CF7C4FFCBACBCCFD51F3B382','200.00',1,29),('0B84889439D8490C94A7779B17EA9EDC','0ABB9241CF7C4FFCBACBCCFD51F3B382','500.00',1,38),('17BFAD1A3EB444BF86127F62D08FA2C9','8A551A186BBE4F0394D2C0B2AC6020C0','200.00',1,41),('38927029E2A042DFA3C212C75401EC72','CD4FE03417374499929EC016B1AD1A2E','12.00',1,7),('398FE80D6B3343408D05735519D51A44','CD4FE03417374499929EC016B1AD1A2E','999.00',1,34),('3BF01BC6A18A4041B00D19692BFAB533','CD4FE03417374499929EC016B1AD1A2E','999.00',1,6),('5037EC82F2D7425A93169462D5E58BD9','0ABB9241CF7C4FFCBACBCCFD51F3B382','100.00',1,30),('6D4AD03654DB4BA2804308F2062A4602','CD4FE03417374499929EC016B1AD1A2E','100.00',1,28),('9FF818F329F9407EB57FE46D350775BA','CD4FE03417374499929EC016B1AD1A2E','900.00',1,33),('B72FAFE738014139A14DDDDC66D7D9B0','0ABB9241CF7C4FFCBACBCCFD51F3B382','123.00',1,31),('BD70C83C386942939B2A78756D902129','CD4FE03417374499929EC016B1AD1A2E','121.00',1,11),('F78056D0B4FB4B9283E60EB7CD42AECE','0ABB9241CF7C4FFCBACBCCFD51F3B382','12.00',1,35),('FA73DE7A8FA84774BD50CF9924B63449','0ABB9241CF7C4FFCBACBCCFD51F3B382','123.00',1,32);

/*Table structure for table `t_user` */

DROP TABLE IF EXISTS `t_user`;

CREATE TABLE `t_user` (
  `uid` char(32) NOT NULL,
  `loginname` varchar(50) DEFAULT NULL,
  `loginpass` varchar(50) DEFAULT NULL,
  `email` varchar(50) DEFAULT NULL,
  `balance` decimal(11,2) DEFAULT NULL,
  `status` tinyint(1) DEFAULT NULL,
  `state` tinyint(1) DEFAULT NULL,
  `activationCode` char(64) DEFAULT NULL,
  `orderBy` int(11) NOT NULL AUTO_INCREMENT,
  PRIMARY KEY (`uid`),
  UNIQUE KEY `orderBy` (`orderBy`),
  UNIQUE KEY `loginname` (`loginname`)
) ENGINE=InnoDB AUTO_INCREMENT=30 DEFAULT CHARSET=utf8;

/*Data for the table `t_user` */

insert  into `t_user`(`uid`,`loginname`,`loginpass`,`email`,`balance`,`status`,`state`,`activationCode`,`orderBy`) values ('0ABB9241CF7C4FFCBACBCCFD51F3B382','彬彬彬','123','2223408299@qq.com','8.33',1,1,'736D5D87C0D8438DAE7C511E824AFFDF80900F9932354693B7369CCCCB62C14E',17),('8A551A186BBE4F0394D2C0B2AC6020C0','111','222','GDPU_ZWB@163.COM','140.00',1,0,'7C14775333F2487F887AB465106E20F6FA40AD77B0D74724B09EEAE8FB44274C',29),('CD4FE03417374499929EC016B1AD1A2E','hhh','123','2223408299@qq.com','428.27',1,1,'0D44FDCCC0AF4D1CBC5E49158058AD260C7007DC3B2747B6969AB68574643EF5',4);

/*!40101 SET SQL_MODE=@OLD_SQL_MODE */;
/*!40014 SET FOREIGN_KEY_CHECKS=@OLD_FOREIGN_KEY_CHECKS */;
/*!40014 SET UNIQUE_CHECKS=@OLD_UNIQUE_CHECKS */;
/*!40111 SET SQL_NOTES=@OLD_SQL_NOTES */;
